[
  {
    "Id": "1471716",
    "ThreadId": "654150",
    "Html": "<a href=\"http://www.edbtopst-converter.com/\" rel=\"nofollow\"><strong>EDB to PST Converter</strong></a> software is a capable application to repair damage EDB file and convert EDB to PST, EML, MSG or HTML formats. With the assistance of EDB PST converter software you can efficiently extract single selected EDB emails according to dates-(from date-to date) and transfer EDB to PST without making any changes. It allows you to migrate EDB to PST along with email properties, emails body content, email header information etc. It wonderfully convert EDB file into PST file in least time.\r<br />\n<br />\nGet more information :-  <a href=\"http://www.edbtopst-converter.com/\" rel=\"nofollow\">http://www.edbtopst-converter.com/</a><br />\n",
    "PostedDate": "2016-04-28T23:47:39.323-07:00",
    "UserRole": null,
    "MarkedAsAnswerDate": null
  }
]