[
  {
    "Id": "1462808",
    "ThreadId": "651150",
    "Html": "Hi, Its not blindlingly apparent exactly which version of SFML one needs.\r<br />\n<br />\nthe .net bindings port?  if so what steps did you have to take to link the libs?\r<br />\n<br />\nMuch obliged, seems like more people would get on board if it was clear what dev tools were actually needed and how to set them up.<br />\n",
    "PostedDate": "2016-02-11T00:14:52.5-08:00",
    "UserRole": null,
    "MarkedAsAnswerDate": null
  }
]